{"mesh_format":1,"parts":{"runway":{"named_vertices":{"v0":[-2.0,0.0,8.0],"v1":[2.0,0.0,8.0],"v2":[2.0,0.0,800.0],"v3":[-2.0,0.0,800.0],"v4":[-2.0,-0.5,8.0],"v5":[2.0,-0.5,8.0],"v6":[2.0,-0.5,800.0],"v7":[-2.0,-0.5,800.0],"v8":[1.5,-0.5,8.5],"v9":[2.0,-0.5,8.5],"v11":[1.5,-0.5,8.0],"v12":[1.5,-400.0,8.5],"v13":[2.0,-400.0,8.5],"v14":[2.0,-400.0,8.0],"v15":[1.5,-400.0,8.0],"v16":[-1.5,-0.5,8.0],"v17":[-1.5,-0.5,8.5],"v18":[-1.5,-400.0,8.5],"v19":[-1.5,-400.0,8.0],"v20":[-2.0,-0.5,8.5],"v22":[-2.016762,-400.0,8.0],"v23":[-2.016762,-400.0,8.5]},"uvs":[[0.01,0.01],[0.01,0.49],[0.49,0.01]],"named_normals":{"front":[0.0,0.0,-1.0],"back":[0.0,0.0,1.0],"left":[1.0,0.0,0.0],"right":[-1.0,0.0,0.0],"down":[0.0,-1.0,0.0]},"triangles":[{"normal":"front"},["v5",["v4",1],["v1",2]],["v1",["v4",1],["v0",2]],["v19",["v22",1],["v16",2]],["v14",["v15",1],["v5",2]],["v5",["v15",1],["v11",2]],["v16",["v22",1],["v4",2]],{"normal":"right"},["v4",["v7",1],["v0",2]],["v0",["v7",1],["v3",2]],["v22",["v23",1],["v4",2]],["v4",["v23",1],["v20",2]],{"normal":"back"},["v7",["v6",1],["v3",2]],["v3",["v6",1],["v2",2]],["v12",["v13",1],["v8",2]],["v8",["v13",1],["v9",2]],["v23",["v18",1],["v20",2]],["v20",["v18",1],["v17",2]],{"normal":"left"},["v6",["v5",1],["v2",2]],["v2",["v5",1],["v1",2]],["v13",["v14",1],["v9",2]],["v9",["v14",1],["v5",2]],{"normal":"down"},["v6",["v7",1],["v5",2]],["v5",["v7",1],["v4",2]],{"normal":0},["v15",["v12",1],["v11",2]],["v11",["v12",1],["v8",2]],["v18",["v19",1],["v17",2]],["v17",["v19",1],["v16",2]]]},"runway_supports":{"named_vertices":{"v0":[3.6,0.1,8.0],"v1":[3.4,0.1,8.0],"v2":[3.4,0.1,7.85],"v3":[3.6,0.1,7.85],"v4":[3.4,-400.0,7.85],"v5":[3.6,-400.0,7.85],"v6":[3.6,-400.0,8.0],"v7":[3.4,-400.0,8.0],"v8":[3.5,-0.63,8.0],"v9":[3.5,-0.69,8.0],"v10":[3.5,-0.63,800.0],"v11":[3.5,-0.69,800.0],"v12":[3.5,-1.33,8.0],"v13":[3.5,-1.39,8.0],"v14":[3.5,-1.33,800.0],"v15":[3.5,-1.39,800.0],"v16":[16.0,1.25,1000.0],"v17":[16.0,1.75,1000.0],"v18":[16.0,1.75,-1000.0],"v19":[16.0,1.25,-1000.0],"v20":[16.5,1.25,-1000.0],"v21":[16.5,1.75,-1000.0],"v22":[16.5,1.75,1000.0],"v23":[16.5,1.25,1000.0]},"uvs":[[0.01,0.01],[0.01,0.01],[0.01,0.01]],"named_normals":{"front":[0.0,0.0,-1.0],"back":[0.0,0.0,1.0],"up":[0.0,1.0,0.0],"down":[0.0,-1.0,0.0],"left":[1.0,0.0,0.0],"right":[-1.0,0.0,0.0]},"triangles":[{"normal":"front"},["v5",["v4",1],["v3",2]],["v3",["v4",1],["v2",2]],{"normal":"right"},["v4",["v7",1],["v2",2]],["v2",["v7",1],["v1",2]],["v9",["v11",1],["v8",2]],["v8",["v11",1],["v10",2]],["v13",["v15",1],["v12",2]],["v12",["v15",1],["v14",2]],["v18",["v19",1],["v17",2]],["v17",["v19",1],["v16",2]],{"normal":"back"},["v7",["v6",1],["v1",2]],["v1",["v6",1],["v0",2]],{"normal":"left"},["v6",["v5",1],["v0",2]],["v0",["v5",1],["v3",2]],["v11",["v9",1],["v10",2]],["v10",["v9",1],["v8",2]],["v15",["v13",1],["v14",2]],["v14",["v13",1],["v12",2]],["v22",["v23",1],["v21",2]],["v21",["v23",1],["v20",2]],{"normal":"up"},["v3",["v2",1],["v0",2]],["v0",["v2",1],["v1",2]],["v21",["v18",1],["v22",2]],["v22",["v18",1],["v17",2]],{"normal":"down"},["v23",["v16",1],["v20",2]],["v20",["v16",1],["v19",2]]]},"slanted_pillar":{"named_vertices":{"v0":[0.5,108.0,-60.5],"v1":[-0.5,108.0,-60.5],"v2":[-0.5,108.0,-61.5],"v3":[0.5,108.0,-61.5],"v4":[-0.5,-64.0,-0.5],"v5":[0.5,-64.0,-0.5],"v6":[0.5,-64.0,0.5],"v7":[-0.5,-64.0,0.5]},"uvs":[[0.01,0.01],[0.01,0.49],[0.49,0.01]],"named_normals":{"left":[1.0,0.0,0.0],"right":[-1.0,0.0,0.0]},"compute_normals":{"up":["v1","v6","v0"],"down":["v1","v0","v6"]},"triangles":[{"normal":"down"},["v5",["v4",1],["v3",2]],["v3",["v4",1],["v2",2]],{"normal":"right"},["v4",["v7",1],["v2",2]],["v2",["v7",1],["v1",2]],{"normal":"up"},["v7",["v6",1],["v1",2]],["v1",["v6",1],["v0",2]],{"normal":"left"},["v6",["v5",1],["v0",2]],["v0",["v5",1],["v3",2]]]},"tower":{"named_vertices":{"v0":[0.0,-400.0,2.0],"v1":[3.0,-400.0,2.0],"v2":[3.0,-400.0,0.0],"v3":[0.0,-400.0,0.0],"v4":[0.0,11.0,2.0],"v5":[3.0,11.0,2.0],"v6":[3.0,11.0,0.0],"v7":[0.0,11.0,0.0],"v8":[3.0,7.0,-3.0],"v9":[3.0,7.0,-1.0],"v10":[3.0,-400.0,-1.0],"v11":[3.0,-400.0,-3.0],"v12":[0.0,7.0,-1.0],"v13":[0.0,7.0,-3.0],"v14":[0.0,-400.0,-3.0],"v15":[0.0,-400.0,-1.0],"v16":[2.0,28.0,1.0],"v17":[2.0,28.0,2.0],"v18":[2.0,11.0,1.0],"v19":[2.0,11.0,2.0],"v20":[3.0,28.0,1.0],"v21":[3.0,28.0,2.0],"v23":[3.0,11.0,1.0],"v24":[0.0,11.0,3.0],"v25":[0.0,11.0,7.0],"v26":[0.0,9.0,7.0],"v27":[0.0,9.0,3.0],"v28":[5.0,11.0,3.0],"v29":[5.0,9.0,3.0],"v30":[5.0,9.0,7.0],"v31":[5.0,11.0,7.0],"v32":[1.0,9.0,4.0],"v33":[1.0,9.0,6.0],"v34":[1.0,0.0,6.0],"v35":[1.0,0.0,4.0],"v36":[2.0,9.0,4.0],"v37":[2.0,0.0,4.0],"v38":[2.0,0.0,6.0],"v39":[2.0,9.0,6.0],"v22":[1.0,10.0,-15.0],"v40":[1.0,10.0,12.0],"v41":[1.0,9.0,-15.0],"v42":[1.0,9.0,12.0],"v43":[1.0,8.0,-15.0],"v44":[1.0,8.0,12.0],"v45":[1.0,7.0,-15.0],"v46":[1.0,7.0,12.0],"v47":[2.0,10.0,-15.0],"v48":[2.0,9.0,-15.0],"v49":[2.0,10.0,12.0],"v50":[2.0,9.0,12.0],"v51":[2.0,8.0,-15.0],"v52":[2.0,7.0,-15.0],"v53":[2.0,7.0,12.0],"v54":[2.0,8.0,12.0],"v55":[2.0,14.0,-5.0],"v56":[2.0,11.0,-2.0],"v57":[2.0,4.0,-10.0],"v58":[2.0,7.0,-13.0],"v59":[3.0,14.0,-5.0],"v60":[3.0,11.0,-2.0],"v61":[3.0,4.0,-10.0],"v62":[3.0,7.0,-13.0]},"uvs":[[0.01,0.01],[0.01,0.01],[0.01,0.01]],"named_normals":{"up":[0.0,1.0,0.0],"down":[0.0,-1.0,0.0],"left":[1.0,0.0,0.0],"right":[-1.0,0.0,0.0],"front":[0.0,0.0,-1.0],"back":[0.0,0.0,1.0]},"compute_normals":{"up_front":["v55","v59","v62"],"up_back":["v59","v55","v56"],"down_back":["v60","v56","v57"],"down_front":["v58","v62","v61"]},