{"mesh_format":1,"parts":{"panel_strip":{"vertices":[[0.4375,0.0625,0.4375],[-0.4375,0.0625,0.4375],[-0.4375,-0.0625,0.4375],[0.4375,-0.0625,0.4375],[0.4375,0.0625,0.5],[-0.4375,0.0625,0.5],[-0.4375,-0.0625,0.5],[0.4375,-0.0625,0.5]],"uvs":[[0.53125,0.28125],[0.96875,0.21875],[0.96875,0.28125],[0.53125,0.21875],[0.03125,0.28125],[0.0,0.21875],[-0.0,0.28125],[0.03125,0.21875],[0.46875,0.03125],[0.03125,0.0],[0.03125,0.03125],[0.46875,0.0],[0.46875,0.28125],[0.03125,0.21875],[0.03125,0.28125],[0.46875,0.21875],[0.5,0.28125],[0.46875,0.21875],[0.46875,0.28125],[0.5,0.21875],[0.03125,0.46875],[0.46875,0.5],[0.46875,0.46875],[0.03125,0.5]],"named_normals":{"up":[0.0,1.0,0.0],"down":[0.0,-1.0,0.0],"left":[1.0,0.0,0.0],"right":[-1.0,0.0,0.0],"forward":[0.0,0.0,1.0],"backward":[0.0,0.0,-1.0]},"triangles":[{"normal":"backward"},[2,[0,1],[3,2]],{"uv":1},[0,[2,0],[1,3]],{"uv":4,"normal":"right"},[6,[1,5],[2,6]],{"uv":5},[1,[6,4],[5,7]],{"uv":12,"normal":"forward"},[7,[5,13],[6,14]],{"uv":13},[5,[7,12],[4,15]],{"uv":16,"normal":"left"},[3,[4,17],[7,18]],{"uv":17},[4,[3,16],[0,19]],{"uv":9,"normal":"up"},[1,[4,8],[0,11]],{"uv":8},[4,[1,9],[5,10]],{"uv":20,"normal":"down"},[6,[3,21],[7,22]],{"uv":21},[3,[6,20],[2,23]]]}},"mesh":[{"part":"panel_strip"},{"part":"panel_strip","rotation":[0.0,0.70710677,0.0,0.70710677]},{"part":"panel_strip","rotation":[0.0,1.0,-0.0,-4.371139e-8]},{"part":"panel_strip","rotation":[0.0,-0.70710677,0.0,0.70710677]}],"textures":{"0":"beatcraft:textures/gameplay_objects/color_note.png"},"data":{"default":{"material":0,"texture":0,"color":0}},"cull":true}