{"mesh_format":1,"credits":["Beatcraft","Westbot"],"parts":{"panel":{"vertices":[[-0.4375,0.4375,0.5],[0.4375,0.4375,0.5],[-0.4375,-0.4375,0.5],[0.4375,-0.4375,0.5],[-0.4375,-0.4375,0.4375],[0.4375,-0.4375,0.4375],[0.4375,0.4375,0.4375],[-0.4375,0.4375,0.4375]],"uvs":[[0.5,0.46875],[0.46875,0.03125],[0.46875,0.46875],[0.5,0.03125],[0.03125,0.03125],[0.46875,-0.0],[0.03125,0.0],[0.46875,0.03125],[0.0,0.03125],[0.03125,0.46875],[0.03125,0.03125],[0.0,0.46875],[0.46875,0.46875],[0.03125,0.5],[0.46875,0.5],[0.03125,0.46875]],"named_uvs":{"tlf":[0.46875,0.03125],"tlb":[0.96875,0.03125],"trf":[0.03125,0.03125],"trb":[0.53125,0.03125],"blf":[0.46875,0.46875],"blb":[0.53125,0.46875],"brf":[0.03125,0.46875],"brb":[0.96875,0.46875]},"named_normals":{"up":[0.0,1.0,0.0],"down":[0.0,-1.0,0.0],"left":[1.0,0.0,0.0],"right":[-1.0,0.0,0.0],"forward":[0.0,0.0,1.0],"backward":[0.0,0.0,-1.0]},"triangles":[{"uv":"blb","normal":"backward"},[4,[6,"tlb"],[5,"brb"]],{"uv":"trb"},[7,[6,"tlb"],[4,"blb"]],{"uv":"blf","normal":"forward"},[3,[0,"trf"],[2,"brf"]],{"uv":"trf"},[0,[3,"blf"],[1,"tlf"]],{"uv":0,"normal":"left"},[5,[1,1],[3,2]],{"uv":1},[1,[5,0],[6,3]],{"uv":5,"normal":"up"},[6,[0,4],[1,7]],{"uv":4},[0,[6,5],[7,6]],{"uv":8,"normal":"right"},[7,[2,9],[0,10]],{"uv":9},[2,[7,8],[4,11]],{"uv":13,"normal":"down"},[4,[3,12],[2,15]],{"uv":12},[3,[4,13],[5,14]]]},"half_panel":{"vertices":[[-0.4375,0.4375,0.4375],[-0.4375,0.0,0.4375],[0.4375,0.0,0.4375],[0.4375,0.4375,0.4375],[-0.4375,0.4375,0.5],[-0.4375,0.0,0.5],[0.4375,0.0,0.5],[0.4375,0.4375,0.5]],"uvs":[[0.53125,0.25],[0.96875,0.03125],[0.96875,0.25],[0.53125,0.03125],[0.0,0.03125],[0.03125,0.25],[0.03125,0.03125],[-0.0,0.25],[0.46875,0.25],[0.03125,0.03125],[0.03125,0.25],[0.46875,0.03125],[0.5,0.25],[0.46875,0.03125],[0.46875,0.25],[0.5,0.03125],[0.03125,-0.0],[0.46875,0.03125],[0.46875,-0.0],[0.03125,0.03125],[0.03125,0.46875],[0.46875,0.5],[0.46875,0.46875],[0.03125,0.5]],"named_normals":{"up":[0.0,1.0,0.0],"down":[0.0,-1.0,0.0],"left":[1.0,0.0,0.0],"right":[-1.0,0.0,0.0],"forward":[0.0,0.0,1.0],"backward":[0.0,0.0,-1.0]},"triangles":[{"normal":"backward"},[1,[3,1],[2,2]],{"uv":5,"normal":"right"},[5,[0,4],[1,7]],{"uv":4},[0,[5,5],[4,6]],{"uv":8,"normal":"forward"},[6,[4,9],[5,10]],{"uv":9},[4,[6,8],[7,11]],{"uv":12,"normal":"left"},[2,[7,13],[6,14]],{"uv":13},[7,[2,12],[3,15]],{"uv":16,"normal":"up"},[0,[7,17],[3,18]],{"uv":17},[7,[0,16],[4,19]],{"uv":20,"normal":"down"},[5,[2,21],[6,22]],{"uv":21},[2,[5,20],[1,23]],{"uv":1,"normal":"backward"},[3,[1,0],[0,3]]]}},"mesh":[{"part":"half_panel"},{"part":"half_panel","rotation":[0.0,0.70710677,0.0,0.70710677]},{"part":"half_panel","rotation":[0.0,-0.70710677,0.0,0.70710677]},{"part":"half_panel","rotation":[0.0,1.0,-0.0,-4.371139e-8]},{"part":"panel","rotation":[-0.70710677,6.181724e-8,6.181724e-8,0.70710677]}],"textures":{"0":"beatcraft:textures/gameplay_objects/color_note.png"},"data":{"default":{"material":0,"texture":0,"color":0}},"cull":true,"bloom_pass":false,"mirror_pass":false,"solid_pass":false,"bloomfog_style":2}