{"mesh_format":1,"credits":["Beatcraft","Westbot"],"parts":{"hilt":{"vertices":[[-0.0315625,-0.03125,-0.0315625],[-0.0315625,-0.03125,0.0315625],[0.0315625,-0.03125,0.0315625],[0.0315625,-0.03125,-0.0315625],[0.0315625,-0.21875,-0.0315625],[0.0315625,-0.21875,0.0315625],[-0.0315625,-0.21875,0.0315625],[-0.0315625,-0.21875,-0.0315625]],"uvs":[[0.34375,0.125],[0.3125,0.03125],[0.3125,0.125],[0.34375,0.03125],[0.375,0.125],[0.34375,0.03125],[0.34375,0.125],[0.375,0.03125],[0.40625,0.125],[0.375,0.03125],[0.375,0.125],[0.40625,0.03125],[0.4375,0.125],[0.40625,0.03125],[0.40625,0.125],[0.4375,0.03125],[0.0,0.0],[0.0,0.0],[0.0,0.0],[0.0,0.0]],"triangles":[{},[4,[2,1],[5,2]],{"uv":1},[2,[4,0],[3,3]],{"uv":4},[7,[3,5],[4,6]],{"uv":5},[3,[7,4],[0,7]],{"uv":8},[6,[0,9],[7,10]],{"uv":9},[0,[6,8],[1,11]],{"uv":12},[5,[1,13],[6,14]],{"uv":13},[1,[5,12],[2,15]]]},"discs":{"vertices":[[0.025,1.0,-0.025],[0.025,1.0,0.025],[-0.025,1.0,0.025],[-0.025,1.0,-0.025],[-0.025,0.001,0.025],[-0.025,0.001,-0.025],[0.025,0.001,-0.025],[0.025,0.001,0.025],[0.025,1.0,0.025],[-0.025,1.0,0.025],[-0.025,1.0,-0.025],[0.025,1.0,-0.025]],"uvs":[[0.0,0.0],[0.0,1.0],[1.0,0.0],[1.0,1.0]],"triangles":[{"uv":3},[5,[7,0],[6,1],"l0"],[2,[0,0],[1,1],"l0"],[10,[8,0],[11,1],"l0"],{"uv":0},[7,[5,3],[4,2],"l0"],[0,[2,3],[3,2],"l0"],[8,[10,3],[9,2],"l0"]]},"blade":{"vertices":[[0.025,1.0,0.0],[0.025,0.0,0.0],[-0.025,0.0,0.0],[-0.025,1.0,0.0]],"uvs":[[0.21875,0.515625],[0.171875,0.1875],[0.171875,0.515625],[0.21875,0.1875]],"triangles":[{},[2,[0,1],[1,2],"l0"],[1,[3,1],[2,2],"l0"],{"uv":1},[0,[2,0],[3,3],"l0"],[3,[1,0],[0,3],"l0"]]},"hilt_2":{"vertices":[[-0.03125,-0.25,0.03125],[0.03125,-0.25,0.03125],[0.03125,-0.25,-0.03125],[-0.03125,-0.25,-0.03125],[-0.03125,0.0,0.03125],[0.03125,0.0,0.03125],[0.03125,0.0,-0.03125],[-0.03125,0.0,-0.03125]],"uvs":[[0.234375,0.15625],[0.203125,0.03125],[0.203125,0.15625],[0.234375,0.03125],[0.25,0.03125],[0.21875,0.0],[0.21875,0.03125],[0.25,0.0],[0.0,0.0],[0.0,0.0],[0.0,0.0],[0.0,0.0]],"triangles":[{},[3,[6,1],[2,2],"l4"],[0,[7,1],[3,2],"l4"],[1,[4,1],[0,2],"l4"],[2,[5,1],[1,2],"l4"],{"uv":1},[6,[3,0],[7,3],"l4"],[7,[0,0],[4,3],"l4"],[4,[1,0],[5,3],"l4"],[5,[2,0],[6,3],"l4"],{"uv":4},[7,[5,5],[6,6],"l4"],[0,[2,5],[1,6],"l4"],{"uv":5},[5,[7,4],[4,7],"l4"],[2,[0,4],[3,7],"l4"]]}},"mesh":[{"part":"hilt"},{"part":"discs","shader_settings":{"style":"circle"}},{"part":"blade","billboard":{"origin":[0.0,0.0,0.0],"axis":[0.0,1.0,0.0],"normal":[0.0,0.0,-1.0]}},{"part":"hilt_2"}],"textures":{"0":"beatcraft:textures/item/saber.png"},"data":{"default":{"material":3,"texture":0,"color":0},"l0":{"material":1,"texture":0,"color":0},"l2":{"material":0,"texture":0,"color":0},"l4":{"material":1,"texture":0,"color":2}},"cull":true,"bloomfog_style":2}